Model,MAE,RMSE,MAPE
Random Forest,1.4549833333333333,1.7784922609396483,8.548680614149365
Prophet (daily demand),6.4716423655844055,8.279204651593574,9.07705264202806
Linear Regression,1.5788468456670393,1.8525236156557925,9.251015160410436
Naive baseline,3.236,3.837707649105127,19.390219845104937
